Day,Time,Activity
Every Day,7:00 AM - 8:00 AM,Exercise & Breakfast
Every Day,8:00 AM - 10:00 AM,LeetCode Problem of the Day
Every Day,10:00 AM - 12:00 PM,DSA Assignments
Every Day,12:00 PM - 1:00 PM,Break
Every Day,1:00 PM - 3:00 PM,TheJobOverflow Questions
Every Day,3:00 PM - 4:00 PM,Break & Sherlock Holmes
Every Day,4:00 PM - 6:00 PM,Competitive Programming Contest/Simulation
Every Day,6:00 PM - 7:00 PM,Break & Dinner
Every Day,7:00 PM - 9:00 PM,Review & Learn New Concepts
Every Day,9:00 PM - 10:00 PM,Project Work or Open-Ended Problem Solving
Every Day,10:00 PM - 11:00 PM,Relax & Reflect
Every Day,11:00 PM,Sleep
Sunday,Flexible,Take a full or half day off to relax and recharge
